{
    "loss": 16.607608795166016,
    "accuracy": 0.4381029009819031
}