{
    "loss": 2.4774222373962402,
    "accuracy": 0.7406216263771057
}