{
    "loss": 18.32887840270996,
    "accuracy": 0.26152196526527405
}