{
    "loss": 21.840803146362305,
    "accuracy": 0.16345123946666718
}