{
    "loss": 2.04017972946167,
    "accuracy": 0.4898177981376648
}